entry,exit_ema,vol_floor,side,net_%,cagr_%,sharpe,max_dd_%,profit_factor,trades,positive_month_%,months,selection_score
96,64,0.3,long,-29.799240414022588,-10.127588162347301,-0.13632012014133657,-60.48271779402704,0.9948611991183859,473.0,47.5,40.0,-0.741147298081607
96,96,0.3,long,-34.98377681851005,-12.18463851592827,-0.16094695208938284,-64.02534506841118,0.9945470680694037,434.0,50.0,40.0,-0.8012004027734947
64,96,0.3,long,-46.68187665487423,-17.28741197756156,-0.27728248253065235,-63.07647031618444,0.9912731929610402,579.0,42.5,40.0,-0.9080471856924968
64,64,0.3,long,-51.70289789788405,-19.719830470137545,-0.4022710927009208,-65.06043556286778,0.9861860860455258,627.0,42.5,40.0,-1.0528754483295986
96,64,0.6,long,-46.77923792121202,-17.33302356127442,-0.49726530953285963,-57.18652549777949,0.9755045754816194,246.0,40.0,40.0,-1.0691305645106546
48,96,0.3,long,-55.58319732386492,-21.723611925189235,-0.391939372050223,-67.81986535460818,0.9881163028464552,694.0,35.0,40.0,-1.0701380255963049
96,48,0.3,long,-46.223265254245135,-17.073341380788886,-0.4043610957972765,-66.59652584363455,0.9834926132910721,515.0,42.5,40.0,-1.070326354233622
96,96,0.6,long,-51.439182989940434,-19.58778882075187,-0.5155197790444306,-59.63206332248332,0.9775520179712321,229.0,40.0,40.0,-1.1118404122692638
96,64,0.45,long,-52.738612071533254,-20.2433358900309,-0.5259929997181085,-61.111165063047814,0.978150864334482,374.0,40.0,40.0,-1.1371046503485867
96,48,0.6,long,-49.50755815197161,-18.63557387153917,-0.5969903999451386,-58.38161399388384,0.9679130970891892,260.0,37.5,40.0,-1.180806539883977
96,96,0.45,long,-56.40664564452372,-22.164437066948906,-0.5259218081765398,-65.49710759151522,0.9805100790611124,346.0,40.0,40.0,-1.180892884091692
96,32,0.3,long,-55.40822139686469,-21.630676652953596,-0.6396340875828366,-68.14373195787451,0.970842071225759,569.0,40.0,40.0,-1.3210714071615817
64,48,0.3,long,-61.08982841059096,-24.788850548435516,-0.6175058464599701,-70.69844000887517,0.9773228827180648,673.0,42.5,40.0,-1.3244902465487218
64,96,0.6,long,-61.06751439156706,-24.775836120418305,-0.6531635290611022,-67.1670706765754,0.9736951381238179,315.0,37.5,40.0,-1.3248342358268563
48,64,0.3,long,-64.32946797653535,-26.73639081175144,-0.6098701498757566,-73.20939900703895,0.9801088302145525,750.0,42.5,40.0,-1.3419641399461462
64,96,0.45,long,-65.59135165635972,-27.528440594624605,-0.6557169700886216,-70.525312667099,0.977556744791422,466.0,37.5,40.0,-1.3609700967596117
64,64,0.6,long,-60.29426721658098,-24.328029358810177,-0.7049723960323019,-66.76182251782666,0.9686065254971933,336.0,37.5,40.0,-1.3725906212105685
96,48,0.45,long,-59.56308764571096,-23.910151861450114,-0.7197434297078611,-67.28467027489056,0.9675496668608485,404.0,37.5,40.0,-1.3925901324567667
64,64,0.45,long,-67.7974652693281,-28.963325520703542,-0.7850534868913901,-72.72133441561171,0.9705285180370263,501.0,35.0,40.0,-1.5122668310475071
48,96,0.45,long,-71.17983623697664,-31.30297543923578,-0.7620884985312856,-76.91293331544802,0.974861389086889,555.0,32.5,40.0,-1.5312178316857659
96,32,0.6,long,-58.79430527147467,-23.476435247471052,-0.8982075661817172,-65.31181731193742,0.9460432737721447,294.0,30.0,40.0,-1.5513257393010913
64,48,0.6,long,-64.5230500367953,-26.856612690889026,-0.8661793684335823,-70.39761129913842,0.9583710741033016,353.0,32.5,40.0,-1.5701554814249665
48,48,0.3,long,-71.90661640063438,-31.830474053376754,-0.8417773183974654,-78.61972527540009,0.970888819364252,797.0,37.5,40.0,-1.6279745711514662
96,32,0.45,long,-64.58817688584782,-26.89716191206195,-0.9297570972174937,-70.07695240945924,0.9531883584112439,447.0,35.0,40.0,-1.630526621312086
48,96,0.6,long,-71.05158680751946,-31.210858700315004,-0.8734726006519762,-75.99351962788509,0.9662750067079444,376.0,32.5,40.0,-1.6334077969308272
96,64,0.3,both,-85.72164118017284,-44.4243797717085,-0.7226636937329868,-93.46645118813983,0.9786234731435718,936.0,35.0,40.0,-1.6573282056143852
64,48,0.45,long,-71.80961697151211,-31.759524811157036,-0.9525133431692174,-76.18557846226149,0.961692004868233,534.0,32.5,40.0,-1.7143691277918323
96,16,0.3,long,-63.613172124227354,-26.295465088086132,-0.9988753560286066,-71.6075546737386,0.9447115645169345,663.0,30.0,40.0,-1.7149509027659926
64,32,0.3,long,-71.38520368904892,-31.45108108841881,-0.9661198509809845,-76.86656002201038,0.9607678188543771,742.0,35.0,40.0,-1.7347854512010883
96,96,0.3,both,-89.6049334642281,-49.501174920331636,-0.7958111426701874,-94.45721722518547,0.9789568008578545,867.0,30.0,40.0,-1.7403833149220422
32,64,0.3,long,-78.55548726620997,-37.166228249770484,-0.9372928139824424,-82.01831383836816,0.9713349291612962,1003.0,37.5,40.0,-1.757475952366124
48,64,0.45,long,-76.25069050615087,-35.200262329488574,-0.9926103381049739,-81.44396455176688,0.9645528505877662,596.0,35.0,40.0,-1.8070499836226426
48,64,0.6,long,-73.3842776086532,-32.93307955486189,-1.0248897008248503,-78.45445363207043,0.9569213584814853,405.0,37.5,40.0,-1.8094342371455547
96,16,0.6,long,-62.60456241965049,-25.684761297249516,-1.215166036716483,-68.68894022543299,0.9104803106580892,334.0,30.0,40.0,-1.9020554389708129
64,96,0.3,both,-93.66122731065327,-56.50407433162235,-0.9569996183173265,-95.59482377338175,0.9767661627052602,1166.0,27.500000000000004,40.0,-1.9129478560511441
96,64,0.45,both,-90.83206998032615,-51.37983443500305,-1.0018814610299867,-94.32770867630317,0.9673677858718938,743.0,25.0,40.0,-1.9451585477930184
64,32,0.6,long,-72.0972890445267,-31.970439715571185,-1.210195720995256,-76.51449928764164,0.9355714371551309,393.0,30.0,40.0,-1.9753407138716725
96,16,0.45,long,-68.85888407054787,-29.678245573998552,-1.2585369724017155,-73.75750401743663,0.922905067854235,518.0,25.0,40.0,-1.9961120125760818
48,48,0.45,long,-79.46852064850331,-37.985907990441525,-1.169991652587149,-84.15115242853611,0.9556188872489676,629.0,32.5,40.0,-2.0115031768725102
96,96,0.45,both,-93.28149095122257,-55.73358959095156,-1.0581157836136659,-95.39502181036508,0.9694585448807246,691.0,20.0,40.0,-2.012066001717317
48,48,0.6,long,-76.52320515908522,-35.42556940069578,-1.2038339660722541,-81.21527828240002,0.9459019835742187,422.0,30.0,40.0,-2.015986748896254
64,64,0.3,both,-93.99348067144084,-57.20511471207567,-1.0731457468477854,-96.42504752705078,0.9715168401361617,1254.0,35.0,40.0,-2.0373962221182933
32,48,0.3,long,-83.95588278764244,-42.433929968566275,-1.1988817656284527,-86.84717286880034,0.9617174353174108,1068.0,27.500000000000004,40.0,-2.067353494316456
32,64,0.45,long,-84.11107958944457,-42.60255452167938,-1.2360729945407907,-86.9346283818436,0.958437256943169,794.0,30.0,40.0,-2.1054192783592267
64,32,0.45,long,-78.21989924281927,-36.871079918417195,-1.2929561997613355,-81.27149387819185,0.942473539623975,589.0,35.0,40.0,-2.105671138543254
48,96,0.3,both,-96.05935484153186,-62.31693463033095,-1.1356001890031213,-97.3621513393835,0.9733969414236506,1400.0,25.0,40.0,-2.1092217023969564
48,32,0.3,long,-81.0282310550137,-39.447092641649625,-1.2633692463096124,-84.87850567181248,0.9521588974901612,877.0,30.0,40.0,-2.1121543030277374
32,64,0.6,long,-81.43639820892754,-39.843252115372444,-1.2647992825806706,-84.73681535721911,0.9497356757127642,530.0,27.500000000000004,40.0,-2.1121674361528617
96,48,0.3,both,-93.21341994350384,-55.59870925126705,-1.185699663602591,-96.83769187530459,0.9620398211157568,1018.0,22.5,40.0,-2.154076582355637
96,64,0.6,both,-92.71709358512219,-54.64274008086765,-1.2550300449043108,-95.35853434328351,0.9502701704745198,489.0,17.5,40.0,-2.208615388337146
64,96,0.45,both,-96.12588023334943,-62.51006832853319,-1.241889404968952,-96.90979919833461,0.9671557554109401,938.0,25.0,40.0,-2.210987396952298
64,16,0.3,long,-77.97048904181675,-36.653775081996606,-1.4138409388155508,-81.91193626894378,0.9307387016323506,868.0,27.500000000000004,40.0,-2.2329603015049884
96,96,0.6,both,-94.68832488648162,-58.76381287413033,-1.3083848647676741,-96.18316639126854,0.9547150858482581,457.0,15.0,40.0,-2.2702165286803595
64,16,0.6,long,-74.08187888892233,-33.4685157208383,-1.5307441439742429,-77.922404579038,0.900945039832082,449.0,22.5,40.0,-2.309968189764623
64,64,0.45,both,-96.09307508186843,-62.41454285475453,-1.3450727342894249,-97.24014268939695,0.9608636984073946,1003.0,27.500000000000004,40.0,-2.3174741611833944
48,96,0.45,both,-97.23587648449839,-66.14159623565038,-1.3576099927428527,-97.89949102912553,0.9652691719350267,1112.0,20.0,40.0,-2.336604903034108
96,48,0.45,both,-94.66256446335832,-58.703559519998905,-1.3750668274339215,-96.8877124246424,0.9514402849831546,804.0,17.5,40.0,-2.3439439516803455
48,64,0.3,both,-97.287880714191,-66.33512098798833,-1.3982659057234925,-98.35110554751473,0.9648948734368931,1509.0,27.500000000000004,40.0,-2.38177696119864
32,48,0.6,long,-84.85764737228699,-43.43019369697674,-1.5081031510043335,-87.6661256447164,0.9372306443731667,552.0,25.0,40.0,-2.3847644074514975
32,48,0.45,long,-87.77839443994682,-46.972895667754955,-1.5009598551905798,-90.1695935841332,0.9473531894287555,838.0,25.0,40.0,-2.4026557910319117
96,48,0.6,both,-93.90732341070304,-57.02077734119519,-1.4401463951516265,-96.36870719117519,0.9379352619320973,517.0,17.5,40.0,-2.4038334670633783
48,32,0.6,long,-81.79977542015733,-40.20108949792678,-1.5746202518846388,-85.23258947664628,0.9220487235978302,464.0,27.500000000000004,40.0,-2.4269461466511015
48,32,0.45,long,-84.84053788948302,-43.410910807233385,-1.5501928801329004,-87.74779144640301,0.9355473281385958,691.0,27.500000000000004,40.0,-2.4276707945969305
96,32,0.3,both,-94.76361724473115,-58.941098755082635,-1.4760683776283428,-97.07045734731253,0.9468135472575723,1116.0,20.0,40.0,-2.446772951101468
64,96,0.6,both,-96.83454178842747,-64.72751674484233,-1.4903926805124403,-97.59384142941394,0.9527726016872923,626.0,12.5,40.0,-2.4663310948065797
64,48,0.3,both,-96.95368959285115,-65.1335796303588,-1.4886828573003392,-98.1550613937894,0.9576449674030144,1343.0,27.500000000000004,40.0,-2.4702334712382332
64,64,0.6,both,-96.5756608815514,-63.88068996003622,-1.568665457116249,-97.64757043150942,0.9445778164797775,667.0,15.0,40.0,-2.545141161431343
48,16,0.3,long,-84.45971042562547,-42.985586206279535,-1.6756739605105908,-87.63141003500228,0.9241801612447557,1022.0,22.5,40.0,-2.5519880608606136
64,16,0.45,long,-81.70325419728911,-40.105556789672725,-1.712640048623265,-84.2969328533109,0.9076785027080293,686.0,22.5,40.0,-2.555609377156374
96,32,0.45,both,-95.3507329375784,-60.38857748251512,-1.6111037548526885,-96.79000462986167,0.9358334630782652,881.0,20.0,40.0,-2.5790038011513055
48,64,0.45,both,-98.03131994283004,-69.43763764420514,-1.6215037013841338,-98.6183746984476,0.955299902915117,1196.0,22.5,40.0,-2.6076874483686097
48,96,0.6,both,-97.96809463646406,-69.14467729916738,-1.6685881662608093,-98.48291969555542,0.9489991906712462,737.0,15.0,40.0,-2.653417363216364
64,48,0.45,both,-97.5628635197672,-67.40395285191697,-1.6724425553421305,-98.38789526634227,0.947754131147934,1068.0,20.0,40.0,-2.6563215080055533
48,16,0.6,long,-81.12037548522312,-39.536002347085855,-1.813129575092099,-84.5367167107661,0.8915747207648608,530.0,20.0,40.0,-2.65849674219976
96,32,0.6,both,-94.88746953101686,-59.23663772279302,-1.7158112719603642,-96.5703903331632,0.916265534617476,572.0,17.5,40.0,-2.681515175291996
32,32,0.3,long,-91.46232137710287,-52.413759091271494,-1.8017710127902333,-92.594221114816,0.9379444250166713,1168.0,25.0,40.0,-2.727713223938393
64,48,0.6,both,-97.12244724716977,-65.72814411345638,-1.7531496174769636,-98.15248004705906,0.9332621478283677,698.0,20.0,40.0,-2.7346744179475544
48,48,0.3,both,-98.61114947968638,-72.49201832806962,-1.8048468881906006,-99.1000657574434,0.9518315857815801,1602.0,25.0,40.0,-2.7958475457650347
48,16,0.45,long,-86.34866793826534,-45.1725194373195,-1.9195431090111421,-89.04370371045086,0.9042795291625492,804.0,22.5,40.0,-2.8099801461156506
32,32,0.6,long,-89.13681732820103,-48.82538362974292,-1.9415175019786002,-91.04741724189437,0.9123751771694372,600.0,22.5,40.0,-2.851991674397544
48,64,0.6,both,-98.36067833563207,-71.0805027717708,-1.89309319355129,-98.83986584713308,0.9369571193212242,794.0,10.0,40.0,-2.881491852022621
96,16,0.3,both,-96.26353412373948,-62.917175536405345,-1.9345316287781347,-97.34786907070462,0.9145795308690321,1283.0,15.0,40.0,-2.908010319485181
48,48,0.45,both,-98.73820815490619,-73.27710494189294,-1.9314948316413894,-99.15204374265356,0.9433072947188125,1264.0,17.5,40.0,-2.9230152690679247
64,32,0.3,both,-98.34554881880511,-71.00021072542191,-1.9831934991156082,-98.73959379040902,0.9373432613590438,1476.0,20.0,40.0,-2.970589437019698
32,32,0.45,long,-92.5682160677599,-54.36488933081252,-2.0352641894471146,-93.66442759282916,0.9230744960401407,916.0,27.500000000000004,40.0,-2.971908465375406
96,16,0.45,both,-96.37886754455712,-63.26641193520823,-2.0345557107340477,-97.11674836041605,0.9001568678114691,1012.0,15.0,40.0,-3.0057231943382083
32,64,0.3,both,-99.4460448997025,-79.1557124172988,-2.043592517395252,-99.5425329858692,0.9519790739032414,2019.0,20.0,40.0,-3.0390178472539437
96,16,0.6,both,-95.57261514915605,-60.96887161439497,-2.086280403924153,-96.50315719147316,0.8736595899473224,650.0,17.5,40.0,-3.051311975838885
48,48,0.6,both,-98.60922457350095,-72.48051779675639,-2.076083789064663,-99.08044325809249,0.9261089356587549,826.0,15.0,40.0,-3.0668882216455877
32,16,0.6,long,-88.36160793499772,-47.74965466298563,-2.1790007407222807,-90.32955206913317,0.8839634894686818,680.0,20.0,40.0,-3.0822962614136125
64,32,0.45,both,-98.45067971636713,-71.56915448954122,-2.1025628288330136,-98.76391279206503,0.926874289040591,1172.0,17.5,40.0,-3.090201956753664
32,64,0.45,both,-99.41439634862861,-78.80325460193805,-2.105228556474787,-99.52915958617433,0.9454356744417851,1584.0,15.0,40.0,-3.1005201523365304
32,16,0.3,long,-92.29558857017217,-53.86599645952915,-2.1664174596852233,-93.45824236543739,0.9125350344674584,1336.0,20.0,40.0,-3.100999883339597
16,32,0.6,long,-94.26224932345791,-57.79229142613491,-2.2119691576550076,-95.26936868186577,0.9125483838726031,944.0,15.0,40.0,-3.164662844473665
64,32,0.6,both,-98.08787281968718,-69.70529962997142,-2.187260201650057,-98.6300202282766,0.9069263620382755,770.0,10.0,40.0,-3.173560403932823
32,64,0.6,both,-99.31033296566379,-77.73064940626927,-2.2330616636849587,-99.47939124941828,0.9301308936939776,1049.0,7.5,40.0,-3.2278555761791417
48,32,0.3,both,-99.20593618084523,-76.76287741998554,-2.267784245477719,-99.40752481585892,0.9334741126652792,1749.0,17.5,40.0,-3.261859493636308
48,32,0.45,both,-99.11331448223784,-75.97614377670213,-2.3001981203729405,-99.32530351544067,0.9255976175404605,1376.0,17.5,40.0,-3.293451155527347
32,16,0.45,long,-92.78168208707008,-54.76451607901572,-2.3720149926623013,-93.96870842936623,0.8947784776459451,1047.0,20.0,40.0,-3.3117020769559637
32,48,0.3,both,-99.66080837866228,-82.02390412154044,-2.353948902600908,-99.72770311793816,0.9424658981465953,2135.0,17.5,40.0,-3.35122593378029
32,48,0.45,both,-99.60963878182653,-81.24524024610504,-2.387139408418001,-99.699490142776,0.9356067501353617,1669.0,15.0,40.0,-3.384134309845761
48,32,0.6,both,-98.96909478560222,-74.8582746253169,-2.4465606999576215,-99.3021277578816,0.9035036743390492,901.0,15.0,40.0,-3.4395819775364376
32,48,0.6,both,-99.48553209177271,-79.61576319925341,-2.4797092566150107,-99.6115700096713,0.919056112150008,1095.0,7.5,40.0,-3.475824956711724
64,16,0.3,both,-98.87379817639832,-74.17838917808486,-2.519378862035903,-99.01242129575355,0.9034679577290449,1698.0,7.5,40.0,-3.5095030749934386
64,16,0.6,both,-98.20020729289566,-70.25382555320694,-2.5491912770906135,-98.4986196188962,0.8672638642119879,874.0,10.0,40.0,-3.5341774732795757
16,32,0.45,long,-97.48925312892757,-67.10990817957845,-2.595046312868975,-97.81543460805578,0.9143622538806994,1458.0,20.0,40.0,-3.573200658949533
16,32,0.3,long,-98.02832632062533,-69.42361940409609,-2.629840893558235,-98.19383981092031,0.9214566017463431,1887.0,20.0,40.0,-3.611779291667438
64,16,0.45,both,-98.87876189262212,-74.21278918819814,-2.6239944670126865,-99.00594139620105,0.88864230772702,1347.0,2.5,40.0,-3.614053880974697
16,16,0.6,long,-95.2703278614455,-60.18306882983681,-2.670962039822639,-96.05858687038923,0.8817854729001046,1069.0,17.5,40.0,-3.631547908526531
48,16,0.6,both,-98.88353213042109,-74.24594867405031,-2.7309517507567693,-99.12080877364548,0.8684406162113143,1024.0,7.5,40.0,-3.722159838493224
48,16,0.45,both,-99.27012536964665,-77.34654653740255,-2.7431493544665853,-99.39171896657393,0.8922986556376973,1580.0,10.0,40.0,-3.7370665441323245
48,16,0.3,both,-99.39734719625622,-78.61887248597034,-2.7501826299319183,-99.48383368430413,0.9027194401886494,2006.0,10.0,40.0,-3.74502096677496
32,32,0.45,both,-99.78858693972083,-84.41408131058958,-2.8882819156433324,-99.81775242984588,0.915936303427945,1806.0,12.5,40.0,-3.8864594399417913
32,32,0.6,both,-99.65640003415925,-81.95371328511185,-2.9030606215336667,-99.73142086398748,0.8972849208384448,1179.0,7.5,40.0,-3.9003748301735417
32,32,0.3,both,-99.85216660207732,-86.00910728469809,-2.9508277249606354,-99.86723426121998,0.9222559162371357,2311.0,17.5,40.0,-3.9495000675728353
32,16,0.6,both,-99.65487887448519,-81.9296389318058,-3.270794382029861,-99.69852502935584,0.8615940605514303,1329.0,5.0,40.0,-4.267779632323419
16,16,0.45,long,-98.48985692140569,-71.78806643284484,-3.3316321466327583,-98.69835077438609,0.8777766963600286,1666.0,12.5,40.0,-4.318615654376619
16,32,0.6,both,-99.92523583945324,-88.61089495320367,-3.400861971897948,-99.94293332250741,0.8953215351198641,1876.0,7.5,40.0,-4.400291305123022
32,16,0.45,both,-99.83530424769728,-85.54551302573023,-3.4050052799334405,-99.85384367260099,0.8819830521790615,2046.0,5.0,40.0,-4.403543716659451
16,16,0.3,long,-98.93785062705741,-74.63070258853519,-3.428505297211963,-99.04825625824601,0.8863439428094966,2153.0,10.0,40.0,-4.418987859794423
32,16,0.3,both,-99.89310097372365,-87.31318091314103,-3.5079975960384657,-99.90105056381368,0.8906139900067871,2617.0,10.0,40.0,-4.507008101676602
16,32,0.45,both,-99.98106827066934,-92.47569067810922,-3.74198643745051,-99.98314636500216,0.9053434781170121,2907.0,7.5,40.0,-4.741817901100531
16,16,0.6,both,-99.94639414054348,-89.69885299388456,-3.9223823982068233,-99.95197297858755,0.8638152493964563,2098.0,5.0,40.0,-4.921902127992698
16,32,0.3,both,-99.99221963224412,-94.24671946460268,-3.996956429050401,-99.99268985308211,0.9088947708259343,3756.0,5.0,40.0,-4.996883327581222
16,16,0.45,both,-99.9915449924599,-94.10050801626055,-4.525624408441106,-99.99227426638373,0.8715620208390252,3275.0,2.5,40.0,-5.525547151104943
16,16,0.3,both,-99.99713362925165,-95.74366446633019,-4.878895908953239,-99.99720334434807,0.8758857314415799,4220.0,2.5,40.0,-5.878867942396719
