family,anchor,opening,z_entry,max_hold,side,net_%,cagr_%,sharpe,max_dd_%,profit_factor,trades,positive_month_%,months,selection_score
VWAP_MR,0,8,3.0,8,long,-6.326435544299224,-1.9530461405558919,-0.08670170712112177,-27.477723220664807,0.993124858833873,364.125,47.5,40,-0.36147893932776987
VWAP_MR,0,8,3.0,4,long,-27.084513367164607,-9.092565808853237,-0.44475997901362685,-43.29987585539739,0.9584457291873894,651.75,40.0,40,-0.8777587375676008
VWAP_MR,0,8,3.0,16,long,-22.25284611508398,-7.315119653449253,-0.663198768139893,-23.14733496421938,0.9516877720619664,178.71530969030968,45.0,40,-0.8946721177820868
VWAP_MR,0,8,2.5,8,long,-38.47446509782792,-13.635051081715355,-0.6003743876702153,-43.37813115409418,0.962310222441769,665.25,37.5,40,-1.0341556992111571
VWAP_MR,13,8,2.5,16,long,-38.053418489190946,-13.457103273016601,-0.6419697468552987,-41.125444412491106,0.9499206320634037,279.47848054723056,40.0,40,-1.0532241909802098
VWAP_MR,13,8,3.0,8,long,-31.63912854485438,-10.845062130238325,-0.8084538119759381,-33.4646039353874,0.9269875095641361,282.5,37.5,40,-1.1430998513298123
VWAP_MR,0,8,2.5,16,long,-38.10992504777268,-13.480935598529253,-0.7669866782228534,-38.54661497356472,0.955102567703098,349.9772366522367,42.5,40,-1.1524528279585007
VWAP_MR,0,8,2.0,16,long,-48.52591618415285,-18.16138531326571,-0.7373177274736712,-49.09378252878476,0.9658267473739689,581.7135933510933,37.5,40,-1.2282555527615187
VWAP_MR,13,8,2.5,8,long,-49.13787961474154,-18.45624892792246,-0.7644707086252335,-51.96135297605742,0.9402667240661298,539.3125,35.0,40,-1.2840842383858075
VWAP_MR,13,8,3.0,16,both,-34.96457273905246,-12.176811204635296,-0.9171142100606889,-37.0488393201308,0.9466345989048361,302.66778915528914,35.0,40,-1.287602603261997
VWAP_MR,0,8,2.0,8,long,-60.06937763093063,-24.198934340593116,-0.8407182443649535,-60.40600741773217,0.9589127673473042,1026.5,37.5,40,-1.4447783185422751
VWAP_MR,13,8,2.0,16,long,-59.311705002744205,-23.76770302309632,-0.9917440571952866,-61.2481086035366,0.9454889107223049,481.4429785492286,35.0,40,-1.6042251432306527
VWAP_MR,13,8,3.0,4,long,-50.27418231605506,-19.010392841602552,-1.1383704037623286,-51.068085000947136,0.8862579840813614,525.0,30.0,40,-1.6490512537718
VWAP_MR,0,8,2.5,4,long,-62.138849712078205,-25.40665330161149,-1.0660892902259416,-62.22796720621113,0.9296539368562827,1148.25,27.500000000000004,40,-1.6883689622880529
VWAP_MR,0,8,1.5,16,long,-69.59367144452382,-30.18318957129479,-1.0545213810992373,-70.08468207795022,0.959452420644743,822.1575438450438,37.5,40,-1.7553682018787395
VWAP_MR,13,8,2.5,16,both,-60.66710613389964,-24.543182214397575,-1.1361643005801585,-63.53229373367019,0.9463186146071556,613.528395909646,27.500000000000004,40,-1.7714872379168605
VWAP_MR,13,8,1.5,16,long,-73.33602616166529,-32.8964087097263,-1.22310730216892,-74.62578071563233,0.9483412905476101,707.3943480130979,30.0,40,-1.9693651093252433
VWAP_MR,13,8,2.0,8,long,-74.51259032578047,-33.8041461371041,-1.2238211543959399,-75.85918343581672,0.929831221518159,859.375,27.500000000000004,40,-1.982412988754107
VWAP_MR,13,8,2.5,4,long,-74.06044088853324,-33.45191229371341,-1.4689926478181854,-74.99176485559157,0.8904201350674084,928.5,27.500000000000004,40,-2.218910296374101
VWAP_MR,0,8,3.0,16,both,-53.85259333483099,-20.81542090569074,-1.7305157093982821,-54.77127233467862,0.9185442440616649,360.9360417360417,17.5,40,-2.2782284327450686
VWAP_MR,13,8,3.0,8,both,-61.92610007915738,-25.280400749652465,-1.6483422422714904,-63.061803956114446,0.9019298387815128,611.25,22.5,40,-2.278960281832635
VWAP_MR,0,8,3.0,8,both,-61.059046212354474,-24.770898502995355,-1.6720760810237638,-61.66598027954235,0.9156790824196221,724.625,22.5,40,-2.2887358838191876
VWAP_MR,0,8,1.5,8,long,-85.24027383472115,-43.86545592448049,-1.5008713374009484,-85.39302186204219,0.9414470833343853,1358.125,32.5,40,-2.3548015560213704
VWAP_MR,0,8,2.0,4,long,-84.15550158451894,-42.65103151869892,-1.6017267414943746,-84.22935704028424,0.9208771845428705,1697.5,25.0,40,-2.444020311897217
VWAP_MR,13,8,2.5,8,both,-80.31338447369151,-38.76738061678734,-1.631660895346308,-81.74022148646792,0.9210839620587791,1152.1875,15.0,40,-2.449063110210987
VWAP_MR,13,8,1.5,8,long,-89.31601002122859,-49.081625541164,-1.7415590770443365,-89.76361778841947,0.9243279498213575,1177.9375,20.0,40,-2.639195254928531
VWAP_MR,13,8,2.0,16,both,-85.62402499918754,-44.309984200302225,-1.8115945512925373,-86.55157988941366,0.9376745338490902,1042.4197864635362,25.0,40,-2.677110350186674
VWAP_MR,0,8,2.5,16,both,-76.84489263868464,-35.693893548537005,-1.9996853927730402,-77.19251549898978,0.9225602531983808,695.7309829059828,20.0,40,-2.771610547762938
VWAP_MR,13,8,2.0,4,long,-89.60592819232396,-49.50263335851825,-1.8802407991486254,-89.72419430523846,0.8945387983254424,1396.625,10.0,40,-2.77748274220101
VWAP_MR,0,8,3.0,4,both,-80.6152420004254,-39.05226438184489,-2.1572157954923368,-80.78856512776899,0.8744246738928022,1286.0,15.0,40,-2.965101446770027
VWAP_MR,13,8,3.0,4,both,-81.35952377494984,-39.76817763472145,-2.179012868564342,-81.59212952507856,0.8569757324043416,1095.25,15.0,40,-2.9949341638151274
VWAP_MR,0,8,2.5,8,both,-86.71888095048558,-45.625569334168894,-2.23951750667683,-86.83533251848763,0.9093692010705909,1298.5,10.0,40,-3.1078708318617063
VWAP_MR,13,8,1.5,16,both,-94.45480241912823,-58.224876850561614,-2.1642836507685907,-94.78401849467345,0.9406096365112006,1512.9549512987012,20.0,40,-3.1121238357153254
VWAP_MR,0,8,2.0,16,both,-90.14853791059538,-50.31315996266088,-2.260481802353249,-90.2791049178025,0.929838549069194,1144.3108863358864,17.5,40,-3.163272851531274
VWAP_MR,0,8,1.5,4,long,-96.13861778190133,-62.547311076328405,-2.43054708811548,-96.15579852722435,0.9058764844343848,2139.5,15.0,40,-3.3921050733877234
VWAP_MR,13,8,2.0,8,both,-96.40330971715943,-63.34141861855527,-2.543810699050597,-96.52644161986386,0.9096781082890182,1831.125,15.0,40,-3.5090751152492357
VWAP_MR,13,8,1.5,4,long,-96.9509893225694,-65.12425522309948,-2.562858083244707,-96.98610291870925,0.891445345947479,1851.875,7.5,40,-3.5327191124317996
VWAP_MR,0,8,2.0,8,both,-96.46511166433736,-63.532673606202195,-2.7050306562435167,-96.4990531580999,0.9138282445394234,2000.625,10.0,40,-3.6700211878245157
VWAP_MR,13,8,2.5,4,both,-95.2003791905458,-60.00626080586808,-2.7563283493387045,-95.40257731874777,0.8693280987258943,1941.0,7.5,40,-3.7103541225261822
VWAP_MR,0,8,1.5,16,both,-97.65649958023192,-67.78709330150143,-2.822815581923506,-97.69992092683046,0.9256341233071603,1617.5406315906316,7.5,40,-3.7998147911918108
VWAP_MR,13,8,1.5,8,both,-99.1839738825063,-76.5707580129024,-3.0436278463573467,-99.21513986304751,0.9162853621769881,2491.9375,7.5,40,-4.035779244987822
VWAP_MR,0,8,2.5,4,both,-96.28735661418997,-62.9886882298579,-3.103711751147671,-96.29589274177448,0.8689661222894611,2203.25,10.0,40,-4.066670678565416
VWAP_MR,0,8,1.5,8,both,-99.54318774026743,-80.33402311057795,-3.4944778674962094,-99.54760247327788,0.9090132515128938,2668.5,0.0,40,-4.489953892228988
VWAP_MR,13,8,2.0,4,both,-99.50992971093406,-79.91246893088427,-3.69571423376507,-99.51834461260316,0.8705236005483703,2952.375,2.5,40,-4.690897679891101
VWAP_MR,0,8,2.0,4,both,-99.46341252147096,-79.35513795338956,-3.788012348592567,-99.46586378865314,0.8783047853315678,3274.0,5.0,40,-4.782670986479099
VWAP_MR,13,8,1.5,4,both,-99.94692875909621,-89.72996660894032,-4.443596547487385,-99.9480151352609,0.880847678761587,3888.375,0.0,40,-5.4430766988399935
VWAP_MR,0,8,1.5,4,both,-99.96654227686307,-91.06482802345124,-4.801529992765453,-99.96672417020572,0.8768104152601862,4206.25,0.0,40,-5.8011972344675105
VWAP_MR,13,8,3.0,16,long,-18.29091005652859,-5.914337180644913,-0.4913601636622871,-23.53106315074357,0.953924110108802,138.3763736263736,42.5,40,-999.0
